O/C,H/C,Ash,Temperature,Time,Solid,oil_yield,char_yield,aqueous_yield,gas_yield,oil_HHV,char_HHV,oil_C,char_C
0.448,1.704,6,300,120,20,45,7,,,15.98,,,
0.482,1.707,7,300,120,20,36,6,,,12.71,,,
0.627,1.699,11,300,120,20,31,11,,,11.1,,,
0.446,1.171,23.6,250,5,22,23.6,,,,8.1,,0.171,
0.446,1.171,23.6,250,60,22,33,,,,10.99,,0.236,
0.446,1.171,23.6,300,5,22,33.5,,,,11.38,,0.004,
0.446,1.171,23.6,300,60,22,26.2,,,,9.43,,0.188,
0.446,1.171,23.6,340,5,22,32.5,,,,12.3,,0.235,
0.446,1.171,23.6,340,60,22,30.9,,,,11.17,,0.229,
0.434,1.659,8,200,60,21,27,,,,10.53,,0.201,
0.434,1.659,8,250,60,21,38,,,,14.44,,0.285,
0.434,1.659,8,300,60,21,32,,,,12.16,,0.241,
0.434,1.659,8,350,60,21,43,,,,16.77,,0.327,
0.434,1.659,8,400,60,21,40,,,,15.6,,0.307,
0.612,1.722,5.3,350,60,10,17.6,5,67,5,6.39,,0.126,
0.529,1.663,3.6,350,60,10,17.1,11.9,63.1,11.9,6.13,,0.125,
0.99,2.46,0,350,60,10,7.1,5.3,85,5.3,2.36,,0.049,
0.624,1.985,0,350,60,10,8,17.7,69.9,17.7,2.72,,0.056,
1.304,2.058,0,350,60,10,5.3,22.1,61.1,22.1,1.81,,0.039,
1.081,1.87,0.1,350,60,10,8.8,20.3,61.9,20.3,3.05,,0.063,
0.324,1.804,0,350,60,10,78.8,4.4,12.4,4.4,29.06,,0.541,
0.459,1.62,7,350,60,10,32.9,1.6,53.5,1.6,11.56,,0.233,
0.333,1.661,26.4,350,60,10,25.4,1.3,44.3,1.3,8.76,,0.173,
0.484,1.778,24.4,350,60,10,16.1,3.3,54.2,3.3,5.73,,0.117,
0.355,1.465,7.6,350,60,10,27,2.5,51.5,2.5,9.93,,0.198,
0.489,1.685,7.8,200,60,8,21.2,31.2,34.5,5.9,7.14,,0.147,
0.489,1.685,7.8,225,60,8,27.7,16.2,38.5,9.4,9.43,,0.195,
0.489,1.685,7.8,250,60,8,34.1,14.4,34.4,12,11.93,,0.248,
0.489,1.685,7.8,275,60,8,37.1,12.2,27.7,14.7,13.11,,0.274,
0.489,1.685,7.8,300,60,8,43,10.9,19.5,17.5,15.38,,0.322,
0.489,1.685,7.8,325,60,8,38,11.3,20.4,18.2,13.52,,0.283,
0.489,1.685,7.8,350,60,8,42.9,8.4,16.4,20.6,15.69,,0.325,
0.489,1.685,7.8,375,60,8,43.5,6.9,14.4,30.6,15.75,,0.328,
0.489,1.685,7.8,400,60,8,34.4,9.5,9.1,34.6,12.69,,0.263,
0.489,1.685,7.8,200,5,8,9.2,51.6,30.5,0.8,2.93,,0.062,
0.489,1.685,7.8,225,5,8,11.2,45.3,30.5,4.1,3.98,,0.082,
0.489,1.685,7.8,250,5,8,24.6,20.6,38.3,7.1,8.37,,0.176,
0.489,1.685,7.8,275,5,8,32.4,18.7,35.4,8.5,10.97,,0.231,
0.489,1.685,7.8,300,5,8,37.3,14.3,28.1,13.9,13.03,,0.27,
0.489,1.685,7.8,325,5,8,37.5,12.4,29.9,15.6,12.98,,0.273,
0.489,1.685,7.8,350,5,8,41.8,11.5,20.4,18.4,14.53,,0.305,
0.489,1.685,7.8,375,5,8,45.5,8.5,14,22.4,16.12,,0.339,
0.489,1.685,7.8,400,5,8,36.6,10.8,14.1,30.3,13.1,,0.273,
1.753,1.29,47.5,260,60,25,8.4,8,33.4,1.8,2.23,,0.05,
1.753,1.29,47.5,280,60,25,14.2,30.2,5.2,2.2,3.71,,0.084,
1.753,1.29,47.5,300,60,25,26.3,13.2,8.5,4.3,6.77,,0.156,
1.753,1.29,47.5,320,60,25,9.1,22.2,19.3,1.6,3.04,,0.065,
1.753,1.29,47.5,260,30,25,12.7,4.2,17.1,2.6,,,,
1.753,1.29,47.5,280,30,25,19.6,5.2,24.9,2.4,,,,
1.753,1.29,47.5,300,30,25,21.5,27,2.6,1.1,6.72,,0.144,
1.753,1.29,47.5,320,30,25,21,24.6,1.5,2.5,,,,
1.753,1.29,47.5,260,90,25,18,18.7,13.7,1.5,,,,
1.753,1.29,47.5,280,90,25,17.5,3.8,28.2,2.4,,,,
1.753,1.29,47.5,300,90,25,24.5,1.4,20.8,5.7,7.58,,0.161,
1.753,1.29,47.5,320,90,25,12.7,19.8,15.6,3.9,,,,
0.451,1.541,5.6,280,30,20,35,,,,13.41,,,
0.451,1.541,5.6,300,30,20,36,,,,13.87,,,
0.451,1.541,5.6,260,30,20,30,,,,10.94,,,
0.839,1.674,1.2,310,90,25,30,,,,10.56,,,
0.462,1.5,2.5,310,90,25,46,,,,12.74,,,
0.704,1.973,34.7,350,5,7,19.7,8.1,,,6.54,0.74,0.144,0.016
1.113,2.383,30.7,350,5,7,18.7,12.1,,,6.32,0.48,0.136,0.012
0.877,1.857,36.6,350,5,7,9.7,8.4,,,3.15,1.72,0.069,0.04
0.847,1.942,25.5,350,5,7,13.5,10.4,,,4.5,1.9,0.097,0.046
0.633,1.869,20.6,350,5,7,26.2,10.2,,,8.83,0.53,0.189,0.012
0.658,1.888,17.8,350,5,7,19.7,18.7,,,6.6,2.82,0.14,0.068
0.267,1.459,28.3,250,10,9,12.6,29.8,19.4,4.4,4.27,,0.087,
0.527,1.516,24.6,250,10,9,30.8,13.4,17.3,9.4,9.32,,0.225,
0.343,1.553,11.8,250,10,7,30.3,21.8,31.9,5.9,10.74,,0.191,
0.353,1.518,12,250,10,7,31.4,32.2,15.4,8,11.09,,0.231,
0.43,1.573,15.9,250,10,8,24.7,17.7,23.5,10.6,7.25,,0.177,
0.42,1.447,22.3,250,10,8,25.6,21,23.2,8.4,8.82,,0.192,
0.516,1.605,9.8,250,10,7,22.3,24.9,30.7,9.8,7.29,,0.162,
0.363,1.734,6.4,250,10,7,41.9,11.1,35.8,8.1,14.51,,0.312,
0.267,1.459,28.3,375,10,9,36.3,3.5,8.1,16.9,12.92,,0.227,
0.527,1.516,24.6,375,10,9,40.9,5.1,9.5,20.7,14.7,,0.303,
0.343,1.553,11.8,375,10,7,47.9,5.4,16.7,17.9,17.82,,0.338,
0.353,1.518,12,375,10,7,51.1,2.2,11.3,23.1,18.51,,0.371,
0.43,1.573,15.9,375,10,8,38.3,3.3,12.8,21.5,13.81,,0.265,
0.42,1.447,22.3,375,10,8,43,3,13.1,17.4,15.04,,0.318,
0.516,1.605,9.8,375,10,7,42.5,2.6,14.6,26,14.87,,0.303,
0.363,1.734,6.4,375,10,7,51.8,5.3,16.4,18.4,18.07,,0.373,
0.578,1.857,28.9,250,60,9,11.2,37.6,,,3.88,,0.081,
0.578,1.857,28.9,275,60,9,13.7,37.9,,,4.72,,0.1,
0.578,1.857,28.9,300,60,9,17.5,37.2,,,6.16,,0.13,
0.578,1.857,28.9,325,60,9,21.2,33.4,,,7.42,,0.155,
0.578,1.857,28.9,350,60,9,18.8,29.3,,,6.86,,0.143,
0.578,1.857,28.9,325,15,9,15.2,33.2,,,5.28,,0.111,
0.578,1.857,28.9,325,30,9,18.6,33.2,,,6.54,,0.139,
0.578,1.857,28.9,325,45,9,20.7,33.2,,,7.3,,0.154,
0.578,1.857,28.9,325,60,9,20.7,33.2,,,7.24,,0.152,
0.578,1.857,28.9,325,90,9,19.3,31.1,,,6.61,,0.14,
0.52,1.693,35.2,250,60,9,13.7,36.1,,,4.82,,0.098,
0.52,1.693,35.2,275,60,9,13.7,33.5,,,4.96,,0.101,
0.52,1.693,35.2,300,60,9,16.6,33,,,5.95,,0.122,
0.52,1.693,35.2,325,60,9,18.7,30.9,,,6.71,,0.137,
0.52,1.693,35.2,350,60,9,16.5,25.2,,,6.01,,0.126,
0.52,1.693,35.2,325,15,9,14.1,29.7,,,4.77,,0.1,
0.52,1.693,35.2,325,30,9,15.5,28.3,,,5.51,,0.113,
0.52,1.693,35.2,325,45,9,17,27.4,,,6.04,,0.125,
0.52,1.693,35.2,325,60,9,18.5,28.8,,,6.64,,0.136,
0.52,1.693,35.2,325,90,9,17,27.9,,,6.05,,0.126,
0.684,2.361,8.6,350,20,7,35,,,,12.02,,,
0.819,1.628,39.2,350,80,7,21.1,,,,,,,
0.815,1.36,11.7,350,15,20,24.1,,,,,,,
0.361,1.823,9.1,200,60,25,32.1,12.7,,,12.44,,0.244,
0.361,1.823,9.1,250,60,25,38.1,6.7,,,14.69,,0.288,
0.361,1.823,9.1,300,60,25,40.2,3.6,,,15.92,,0.311,
0.465,1.803,9.1,350,60,25,40.4,2.7,,,15.87,,0.313,
0.465,1.803,10.9,200,60,25,12.7,27.9,,,4.51,,0.093,
0.465,1.803,10.9,250,60,25,22.3,18.5,,,7.99,,0.164,
0.465,1.803,10.9,300,60,25,31,9.2,,,11.47,,0.236,
0.465,1.803,10.9,350,60,25,29.1,8.4,,,10.8,,0.223,
0.395,1.891,12.4,300,15,9,53.4,3.5,38,3.8,19.02,,0.385,
0.395,1.891,12.4,325,15,9,52.8,1,27.7,5.8,19.44,,0.387,
0.395,1.891,14.5,350,15,9,53.6,0.9,21.7,5.8,19.84,,0.395,
0.395,1.891,14.5,375,15,9,51.6,0.3,24.9,7.7,19.23,,0.385,
0.6,1.768,20,300,15,9,41.9,9,30.8,9.1,15.22,,0.307,
0.6,1.768,20,325,15,9,49.8,4.5,21.7,12.6,18.54,,0.373,
0.6,1.768,20.3,350,15,9,47.8,2.7,16.3,12.9,17.84,,0.361,
0.6,1.768,20.3,375,15,9,48,2.8,12.1,12.4,17.61,,0.36,
0.444,1.941,14.5,300,15,9,45.5,2.5,40.5,4.3,16.56,,0.329,
0.444,1.941,14.5,325,15,9,46,0.9,34.6,5.9,16.88,,0.335,
0.444,1.941,14.5,350,15,9,46.8,0.6,26.8,6.7,17.02,,0.342,
0.444,1.941,14.5,375,15,9,43.8,0.6,20.3,10,16.55,,0.333,
0.425,1.895,20.3,300,15,9,44.1,7.8,23.8,10.2,16.13,,0.325,
0.425,1.895,20.3,325,15,9,45.7,4.8,21.8,11.9,16.74,,0.341,
0.425,1.895,20.3,350,15,9,48.1,3.2,15.5,14.5,17.06,,0.351,
0.425,1.895,20.3,375,15,9,46.1,2.6,11.3,15.5,16.47,,0.34,
0.27,1.886,12.4,300,15,9,58.5,1.9,25.7,3.2,22.24,,0.444,
0.27,1.886,12.4,325,15,9,60.6,1,22.3,4.1,23.64,,0.469,
0.27,1.886,12.4,350,15,9,57,1.6,17.7,3.4,21.73,,0.433,
0.27,1.886,12.4,375,15,9,59.5,1.3,11.4,4.6,22.72,,0.456,
0.301,1.585,29.5,300,15,9,44.1,11.7,18,4.6,16.15,,0.329,
0.301,1.585,29.5,325,15,9,48,9.9,16.4,4.4,17.81,,0.363,
0.301,1.585,29.5,350,15,9,47.2,7.3,11.8,7,17.73,,0.363,
0.301,1.585,29.5,375,15,9,45.5,5.6,8.5,6.6,16.78,,0.344,
0.673,1.855,18,300,5,16,29.5,14.8,22.1,15.6,10.42,,,
0.673,1.855,18,350,5,16,34.4,9.8,13.1,24.6,12.64,,,
0.723,1.857,6,300,5,16,32,22.6,28.2,11.3,10.26,,,
0.723,1.857,6,350,5,16,54.5,13.2,11.3,15,19.03,,,
0.431,1.819,36,350,15,9,14.1,15.7,16,13.5,4.7,,0.102,
0.861,1.957,22.2,350,15,9,16.3,6,33.4,21.3,5.72,,0.125,
0.832,1.6,33.6,350,15,9,18.7,8.9,18.4,19.9,6.33,,0.142,
0.832,1.6,33.6,330,15,9,15.1,,,,5.06,,0.113,
0.832,1.6,33.6,340,15,9,17.8,,,,5.84,,0.131,
0.832,1.6,33.6,360,15,9,19.5,,,,6.7,,0.149,
0.832,1.6,33.6,370,15,9,18.2,,,,6.37,,0.141,
0.611,1.928,27.4,350,8,7,27.6,10.3,,,9.1,1.47,0.198,0.029
0.52,1.825,5,350,8,7,39.9,8.9,,,13.29,1.25,0.288,0.027
0.638,2.012,22.8,350,8,7,24.2,7.7,,,8,1.38,0.178,0.031
0.795,1.902,3.4,350,8,7,32.3,9,,,10.62,1.79,0.237,0.041
1.015,2.122,27.6,350,8,7,23.6,11.2,,,7.62,1.04,0.17,0.018
0.917,1.984,15.4,350,8,7,27.3,17,,,9.24,1.07,0.2,0.014
1.21,2.164,26,350,8,7,25.2,6.2,,,8.05,0.98,0.184,0.021
1.208,2.139,14.9,350,8,7,26,8,,,8.23,1.07,0.187,0.023
0.66,1.823,7,350,8,7,33.1,6,,,10.66,1.02,0.237,0.024
0.662,1.811,6.7,350,8,7,36.2,7,,,11.66,1.26,0.26,0.029
0.848,1.864,6.7,350,8,7,30,3.9,,,9.34,0.99,0.215,0.023
0.858,1.873,6.1,350,8,7,30.6,3.7,,,9.83,0.93,0.221,0.022
0.489,1.685,7.8,250,10,10,28.9,,,,9.74,,,
0.489,1.685,7.8,350,10,10,53,,,,18.18,,,
0.722,1.384,1,300,10,10,19.5,,,,5.23,,,
1.059,1.834,4,250,10,10,21.8,,,,7.1,,,
0.424,1.647,3,300,10,15,49.8,5.3,35.5,1,,,0.37,
0.424,1.647,3,300,20,15,50.1,4.6,33.9,1.1,,,0.375,
0.424,1.647,3,300,40,15,47.7,2.3,29.7,1.7,,,0.362,
0.424,1.647,3,300,60,15,39.6,2.3,30.3,3.4,,,0.301,
0.424,1.647,3,300,90,15,39.6,,29,,,,0.297,
0.424,1.647,3,350,10,15,41.7,1.8,41.3,2.8,,,0.311,
0.424,1.647,3,350,20,15,40,3.6,40.9,2.5,,,0.297,
0.424,1.647,3,350,40,15,42.6,1.7,37.2,4.3,,,0.323,
0.424,1.647,3,350,60,15,40,2.3,32.9,5.9,,,0.303,
0.424,1.647,3,350,90,15,42.3,,33.1,,,,0.323,
0.424,1.647,3,250,20,15,33.8,20.2,32,0.1,,,0.254,
0.424,1.647,3,250,40,15,34,12.3,25.4,0.7,,,0.249,
0.424,1.647,3,250,60,15,42,7.7,30.8,0.4,,,0.315,
0.424,1.647,3,250,90,15,34,5.9,29,0.7,,,0.254,
0.424,1.647,3,400,10,15,38,4.2,14,11.5,,,0.287,
0.424,1.647,3,400,20,15,38.3,3.1,14.8,10.1,,,0.289,
0.424,1.647,3,400,30,15,32.9,1.7,11.1,9.2,,,0.253,
0.424,1.647,3,400,40,15,32.9,4.7,10.6,12.9,,,0.254,
0.424,1.647,3,300,60,5,38.1,3.1,,,,,,
0.424,1.647,3,300,60,10,35.7,1.5,,,,,,
0.424,1.647,3,300,60,15,30.9,5.2,,,,,,
0.424,1.647,3,300,60,20,40.4,4.3,,,,,,
0.424,1.647,3,300,60,35,45.6,2.2,,,,,,
0.433,1.522,7.6,300,60,10,35.7,10.9,42.3,9.3,11.41,,0.237,
0.355,1.465,7.6,300,60,10,32.8,4.3,59,1.9,11.84,,0.238,
0.459,1.62,7,300,60,10,43.3,10.6,40.6,4.3,16.25,,0.329,
0.459,1.62,7,350,60,10,33.3,9,48.1,7.4,11.69,,0.235,
0.435,1.753,11.8,350,60,10,23.9,6.3,47.8,14.1,8.03,,0.174,
0.558,1.791,6.6,250,60,20,24.9,9.5,48.2,17,8.26,1.2,0.17,0.028
0.558,1.791,6.6,300,60,20,29.6,5.4,43.8,21.1,10.27,0.5,0.213,0.012
0.558,1.791,6.6,350,60,20,29.9,4.9,31.4,23.7,10.55,0.31,0.22,0.006
0.558,1.791,6.6,380,60,20,36.1,4.6,30.1,30.9,14.4,0.18,0.296,0.004
0.558,1.791,6.6,350,0,20,30.8,5.6,44.4,18.1,10.5,0.4,0.225,0.005
0.558,1.791,6.6,350,30,20,34.6,5.1,41.1,18.1,12.61,0.44,0.254,0.004
0.558,1.791,6.6,350,60,20,40,4.9,36,18.4,14.12,0.31,0.295,0.006
0.558,1.791,6.6,350,90,20,34.6,4.9,35,24.8,12.72,0.3,0.26,0.005
0.558,1.791,6.6,350,120,20,33.6,4.3,35.5,26.8,12.37,0.24,0.259,0.004
0.558,1.791,6.6,350,60,10,33.2,5.3,44.8,16.9,11.7,0.32,0.24,0.007
0.558,1.791,6.6,350,60,20,40.1,5.3,36.1,18.8,14.14,0.33,0.296,0.006
0.558,1.791,6.6,350,60,30,38.8,6.7,34.9,19,13.91,0.39,0.286,0.008
0.428,1.969,10.4,310,60,5,23.1,13,36.5,27.4,8.87,0.85,0.18,
0.428,1.969,10.4,350,5,5,29,9.4,19.8,41.9,11.69,0.8,0.229,
0.428,1.969,10.4,330,60,5,25.7,9.7,26,38.7,10.18,0.9,0.195,
0.428,1.969,10.4,350,30,5,31,9.7,17.4,42,12.12,1.06,0.23,
0.428,1.969,10.4,350,60,5,30.8,9.4,14.9,45,12.17,0.71,0.246,
0.428,1.969,10.4,350,60,10,31.4,9.7,13.7,45.1,12.53,0.68,0.24,
0.313,1.696,7.3,310,5,5,59,6.1,26.5,8.4,23.66,1.37,0.448,
0.313,1.696,7.3,310,30,5,57.2,5.5,26.3,10.9,22.48,0.87,0.432,
0.313,1.696,7.3,310,60,5,59.1,4.3,19.1,17.5,22.93,0.83,0.449,
0.313,1.696,7.3,310,60,10,55.2,9.8,19.1,15.9,21.31,1.66,0.422,
0.313,1.696,7.3,330,60,5,56.5,4.8,16.4,22.4,22.09,0.97,0.432,
0.313,1.696,7.3,350,60,5,43.9,4.8,13.4,37.9,16.42,0.75,0.333,
0.45,1.594,5.7,200,60,25,22.1,16.4,54.5,0.9,,,,
0.45,1.594,5.7,220,60,25,23.2,9.7,58.8,2,,,,
0.45,1.594,5.7,240,60,25,25.9,9.7,54.1,4.3,,,,
0.45,1.594,5.7,260,60,25,30.9,7.9,48.7,7,,,,
0.45,1.594,5.7,280,60,25,40.3,7,36.5,10.4,,,,
0.45,1.594,5.7,300,60,25,38.1,5,40.3,10.8,,,,
0.45,1.594,5.7,320,60,25,34.9,4.3,40.8,14.4,,,,
0.505,1.5,9.6,200,60,25,19.6,17.9,52.9,0.6,,,,
0.505,1.5,9.6,220,60,25,21.3,11.6,56.2,1.9,,,,
0.505,1.5,9.6,240,60,25,24.1,10.3,53.4,3.4,,,,
0.505,1.5,9.6,260,60,25,28.4,8.2,47.8,6.5,,,,
0.505,1.5,9.6,280,60,25,35.5,7.5,36.8,8.8,,,,
0.505,1.5,9.6,300,60,25,38.3,5.6,39.2,10.1,,,,
0.505,1.5,9.6,320,60,25,33.6,5.2,40.3,12.7,,,,
0.506,1.727,6.7,250,10,14,39.5,27.1,39.5,,,,,
0.506,1.727,6.7,250,20,14,44.6,13.7,44.6,,,,,
0.506,1.727,6.7,250,30,14,45.2,8.7,45.2,1.1,,,,
0.506,1.727,6.7,250,40,14,46.1,4.8,46.1,1.9,,,,
0.506,1.727,6.7,250,60,14,45.5,5.7,45.5,2.7,,,,
0.506,1.727,6.7,300,10,14,46.3,15.4,37.8,0.6,,,,
0.506,1.727,6.7,300,20,14,46.9,7.9,44,1.2,,,,
0.506,1.727,6.7,300,30,14,48,5.5,44.2,2.3,,,,
0.506,1.727,6.7,300,40,14,47.8,5.4,43.2,3.5,,,,
0.506,1.727,6.7,300,60,14,46.4,6.7,42.3,4.6,,,,
0.506,1.727,6.7,350,10,14,50.1,8.9,39.4,1.5,,,,
0.506,1.727,6.7,350,20,14,48.2,7.8,41.6,2.4,,,,
0.506,1.727,6.7,350,30,14,48.5,4.3,43.2,4.4,,,,
0.506,1.727,6.7,350,40,14,46.6,4.9,42.2,6.3,,,,
0.506,1.727,6.7,350,60,14,44.7,5.3,40.7,9.3,,,,
0.506,1.727,6.7,400,10,14,51.2,4.6,42.1,2.1,,,,
0.506,1.727,6.7,400,20,14,48.1,5.8,41.4,4.8,,,,
0.506,1.727,6.7,400,30,14,46.2,5.1,42.3,6.5,,,,
0.506,1.727,6.7,400,40,14,43.4,6.8,39.4,10.4,,,,
0.506,1.727,6.7,400,60,14,44.6,4.3,38.6,12.6,,,,
0.347,1.688,2.8,200,3,3,10.7,47.7,,0.8,3.18,11.98,0.068,0.259
0.347,1.688,2.8,200,32,3,18.6,22.1,,2.2,5.75,5.52,0.121,0.119
0.347,1.688,2.8,250,1,3,14.5,38.2,,1.7,4.26,9.72,0.091,0.209
0.347,1.688,2.8,250,10,3,25.6,10.6,,5.3,7.78,2.81,0.166,0.062
0.347,1.688,2.8,250,100,3,35.1,1.7,,3.1,12.39,,0.257,
0.347,1.688,2.8,300,3,3,29.5,4.2,,4.9,8.91,,0.191,
0.347,1.688,2.8,300,32,3,31.7,1.7,,4.5,11.38,,0.235,
0.347,1.688,2.8,350,1,3,30.6,4,,4.7,9.3,,0.2,
0.347,1.688,2.8,350,10,3,30.8,1.8,,7.3,11,,0.227,
0.347,1.688,2.8,350,100,3,30.8,1.9,,17.5,11.46,,0.236,
0.299,1.708,6.7,200,0,3,13.5,48.6,,1.3,5.16,13.03,0.102,0.28
0.299,1.708,6.7,200,3,3,27.4,27.8,,1.1,9.51,7.31,0.192,0.16
0.299,1.708,6.7,200,32,3,35.2,16.4,,3.4,11.97,4.32,0.243,0.097
0.299,1.708,6.7,300,3,3,42.3,5.1,,8.7,15.74,,0.316,
0.299,1.708,6.7,300,32,3,40.6,6.9,,9,15.18,,0.307,
0.299,1.708,6.7,350,100,3,41.2,2.1,,12.5,15.37,,0.311,
0.39,1.694,4.8,200,3,3,4.3,56.8,,1.2,1.39,13.8,0.029,0.301
0.39,1.694,4.8,200,32,3,5.6,32.7,,1.6,1.75,9.01,0.037,0.195
0.39,1.694,4.8,300,3,3,28.8,6.9,,6,9.39,1.69,0.2,0.039
0.39,1.694,4.8,300,32,3,34.7,1.9,,9,11.94,0.26,0.253,0.008
0.52,1.804,3.4,200,3,3,20.5,36.7,,1.1,6.13,7.44,0.13,0.172
0.52,1.804,3.4,200,32,3,22.2,11.6,,0.9,7.19,3.01,0.15,0.068
0.52,1.804,3.4,250,1,3,19.6,20.2,,2.3,6.14,4.76,0.129,0.105
0.52,1.804,3.4,250,10,3,22.8,15.8,,6.1,7.93,4.67,0.165,0.105
0.52,1.804,3.4,250,100,3,29.1,14.9,,11,10.33,4.23,0.213,0.1
0.52,1.804,3.4,300,3,3,35,7.5,,10.6,12.15,2.02,0.256,0.047
0.52,1.804,3.4,300,30,3,34.6,4.7,,13.5,12.32,0.72,0.258,0.021
0.52,1.804,3.4,350,1,3,32.6,6.9,,13.3,11.18,1.76,0.234,0.042
0.52,1.804,3.4,350,10,3,33.9,3.6,,13.5,11.97,0.85,0.253,0.021
0.52,1.804,3.4,350,100,3,30.3,1.6,,16.2,10.94,,0.231,
0.414,1.763,12.5,200,32,3,8.4,16.8,,1.4,2.62,3.2,0.055,0.074
0.414,1.763,12.5,300,3,3,18.4,5.1,,4.7,5.69,0.38,0.121,0.014
0.414,1.763,12.5,300,30,3,20.1,2,,5.2,6.63,,0.14,
0.414,1.763,12.5,350,100,3,18.4,3.9,,11.9,6.37,,0.135,
0.448,1.765,9.7,300,3,3,21.3,2.5,,7.2,6.99,,0.148,
0.448,1.765,9.7,300,32,3,26.3,2.9,,7.6,8.97,,0.19,
0.347,1.688,2.8,200,3,11,9.5,52.5,,0.5,2.95,12.99,0.062,0.282
0.347,1.688,2.8,200,32,11,16.6,31.3,,2.7,5.01,8.1,0.106,0.176
0.347,1.688,2.8,250,1,11,15.7,40.1,,1,4.68,9.89,0.1,0.213
0.347,1.688,2.8,250,10,11,27.9,9.4,,0,8.59,2.36,0.183,0.052
0.347,1.688,2.8,250,100,11,36.4,1.9,,7.5,12.92,,0.267,
0.347,1.688,2.8,300,3,11,33.9,6.5,,5.9,10.65,1.43,0.227,0.033
0.347,1.688,2.8,300,30,11,34,2.1,,6.5,10.95,,0.232,
0.347,1.688,2.8,350,1,11,38.1,5.5,,5.1,11.77,1.05,0.25,0.025
0.347,1.688,2.8,350,10,11,39,2.6,,11.2,13.42,,0.281,
0.347,1.688,2.8,350,100,11,34.8,2.4,,9.6,12.91,,0.265,
0.299,1.708,6.7,200,3,11,28.3,29.6,,0.8,9.82,7.98,0.199,0.174
0.299,1.708,6.7,200,32,11,33.9,17.6,,2.7,11.53,4.73,0.238,0.106
0.299,1.708,6.7,300,3,11,43.1,9.2,,0.3,15.82,2.49,0.319,0.056
0.299,1.708,6.7,300,32,11,49.4,4.1,,,18.33,1.01,0.37,0.023
0.299,1.708,6.7,350,100,11,47.9,4.5,,,18.25,0.68,0.367,0.019
0.39,1.694,4.8,300,3,11,30.5,7.4,,,9.97,1.8,0.211,0.042
0.39,1.694,4.8,300,32,11,38.2,2.1,,,13.03,,0.276,0
0.52,1.804,3.4,250,1,11,15.1,28.8,,,5.06,7.54,0.104,0.162
0.52,1.804,3.4,250,10,11,22.5,26.5,,,7.83,7.46,0.163,0.172
0.52,1.804,3.4,250,100,11,25.9,22.1,,,9.56,6.57,0.196,0.153
0.52,1.804,3.4,300,3,11,33.5,14.9,,,11.63,4.14,0.244,0.097
0.52,1.804,3.4,300,30,11,36.7,10.4,,,13.07,2.77,0.274,0.067
0.52,1.804,3.4,350,1,11,34,10.3,,,11.8,2.82,0.249,0.066
0.52,1.804,3.4,350,10,11,39.4,7,,,14.07,1.95,0.299,0.046
0.52,1.804,3.4,350,100,11,36.4,6.4,,,13.25,1.79,0.28,0.044
0.414,1.763,12.5,300,3,11,21.1,11.3,,5.7,6.52,1.6,0.138,0.043
0.414,1.763,12.5,300,32,11,22.6,8.5,,5,7.75,0.55,0.163,0.021
0.448,1.765,9.7,300,3,11,27.5,6.6,,7.8,9.38,0.89,0.202,0.024
0.448,1.765,9.7,300,32,11,31.7,5.1,,7.5,11.48,,0.238,
0.317,1.682,5.2,350,60,23,46.6,4.6,25.3,19.7,17.66,0.44,0.351,0.011
0.355,1.667,11.1,350,60,23,35.2,9.9,27.7,20.3,13.48,0.52,0.266,0.012
0.208,1.703,9.5,350,60,23,52.7,19.4,15.5,9.8,20.9,4.73,0.402,0.094
0.319,1.741,9.9,350,60,23,46.4,8.5,28.7,14.6,17.42,0.93,0.343,0.02
0.571,1.781,32.2,350,60,23,14.9,24.7,25.3,28.2,5.35,3.61,0.11,0.086
0.585,1.722,49.6,350,60,23,9.7,9.8,52.3,22.2,3.59,2.12,0.074,0.051
0.659,1.573,29.5,350,60,23,14.7,19.6,23.2,26.9,5.41,2.71,0.112,0.075
0.803,1.769,24.3,350,60,23,2,25.9,27.2,37.8,0.71,6.08,0.014,0.154
0.452,1.5,40,300,60,25,10.2,15,30.6,4.2,3.6,,0.073,
0.432,1.453,30.1,300,60,25,16.1,7,42.7,4.2,5.63,,0.116,
0.45,1.38,25.7,300,60,25,18.6,5.6,46.1,4.1,6.53,,0.135,
0.44,1.484,29.6,300,60,25,14.1,10.6,43.7,2.1,4.98,,0.102,
0.357,1.924,36,350,15,9,15.7,15.1,,,5.19,1.98,0.11,
0.736,1.917,26.1,350,15,9,16.9,15,,,6.09,1.52,0.121,
0.517,1.398,6.2,200,30,10,22.8,38.4,10.5,28.3,,,,
0.517,1.398,6.2,250,30,10,26.6,25.7,19.8,27.8,,,,
0.517,1.398,6.2,300,30,10,45.1,13.1,18.1,23.6,16.94,,0.346,
0.517,1.398,6.2,325,30,10,38.4,10.1,13.5,38,,,,
0.517,1.398,6.2,350,30,10,35.4,8.9,15.6,40.1,,,,
0.517,1.398,6.2,375,30,10,33.8,10.5,4.2,51.5,,,,
0.517,1.398,6.2,300,30,20,38.4,,,,,,,
0.399,1.688,3,320,20,34,45.9,,,,17.49,,0.345,
0.399,1.688,3,350,20,34,43.4,,,,16.88,,0.331,
0.399,1.688,3,370,20,34,43.5,,,,16.57,,0.334,
0.399,1.688,3,400,20,34,43.7,,,,16.9,,0.34,
0.399,1.688,3,350,20,20,40.6,,,,12.06,,0.247,
0.399,1.688,3,350,20,27,46.2,,,,13.92,,0.285,
0.399,1.688,3,350,20,41,42.2,,,,12.78,,0.264,
0.768,1.704,23.9,350,15,21,17.6,10.9,,,5.63,1.71,0.124,0.043
0.819,1.709,16.6,350,15,21,9.8,16.7,,,3.23,4.38,0.071,0.107
0.875,1.662,21.8,350,15,21,13,18.6,,,4.41,3.2,0.097,0.082
0.674,1.63,25.2,350,15,21,17.8,17.9,,,6.02,3.28,0.131,0.081
0.841,2.167,30.1,220,30,12,10,,,,,,,
0.841,2.167,30.1,240,30,12,12.3,,,,,,,
0.841,2.167,30.1,260,30,12,17.8,,,,,,,
0.841,2.167,30.1,280,30,12,19.1,,,,,,,
0.841,2.167,30.1,300,30,12,20.5,,,,,,,
0.841,2.167,30.1,320,30,12,18.4,,,,,,,
0.841,2.167,30.1,300,5,12,13.2,6.9,38.4,23.9,,,,
0.841,2.167,30.1,300,15,12,18.6,6.2,38.5,18.9,,,,
0.841,2.167,30.1,300,30,12,21.1,5.2,35.6,20,,,,
0.841,2.167,30.1,300,60,12,19.8,5.9,33.5,22.6,,,,
0.99,1.553,16.6,350,5,9,50.1,,,,,,,
0.99,1.553,16.6,350,10,9,58.4,,,,,,,
0.99,1.553,16.6,350,15,9,66.7,,,,,,,
0.99,1.553,16.6,350,20,9,62.6,,,,,,,
0.703,1.773,15.9,250,20,50,10.1,15.5,,,2.48,,0.062,
0.703,1.773,15.9,250,20,33,11.8,15.2,,,3.52,,0.082,
0.703,1.773,15.9,250,20,25,15.3,13.2,,,4.58,,0.108,
0.703,1.773,15.9,250,20,20,12.5,10,,,3.5,,0.085,
0.703,1.773,15.9,230,20,25,15.5,11,,,4.4,,0.104,
0.703,1.773,15.9,250,20,25,20.8,11,,,6.22,,0.146,
0.703,1.773,15.9,270,20,25,24.5,10,,,7.35,,0.172,
0.703,1.773,15.9,290,20,25,39.6,12.2,,,11.68,,0.274,
0.703,1.773,15.9,310,20,25,26.5,12.2,,,8.27,,0.192,
0.703,1.773,15.9,290,20,25,37.1,,,,10.95,,0.257,
0.703,1.773,15.9,290,40,25,27.3,,,,7.04,,0.174,
0.703,1.773,15.9,290,60,25,23.2,,,,6.77,,0.161,
0.703,1.773,15.9,290,80,25,23.2,,,,6.68,,0.159,
0.703,1.773,15.9,290,100,25,20.4,,,,6.53,,0.146,
0.825,1.822,17.3,345,12,17,30,23,11,14,,,,
0.648,1.977,24.5,345,12,17,29,27,13,13,,,,
0.588,2.284,44.5,345,12,17,15,38,25,12,,,,
0.727,1.798,16.2,345,12,17,16,30,19,17,,,,
1.394,1.648,12.6,345,12,17,14,34,28,19,,,,
0.8,1.577,12.6,345,12,17,11,44,18,18,,,,
0.975,1.749,14.3,345,12,17,13,32,29,6,,,,
0.83,1.759,11.6,345,12,17,16,28,15,21,,,,
1.243,1.954,10.8,345,12,17,12,36,21,19,,,,
0.66,1.754,19,345,12,17,13,33,17,19,,,,
1.597,1.636,11.8,345,12,17,6,43,26,18,,,,
1.524,1.66,17.1,345,12,17,6,39,33,13,,,,
0.742,1.792,15.6,345,12,17,8,51,5,14,,,,
0.651,1.536,0.3,280,10,7,19.3,30.3,,,5.22,8.13,0.134,0.214
0.651,1.536,0.3,300,10,7,20.6,29.8,,,5.99,8.19,0.15,0.214
0.651,1.536,0.3,320,10,7,23.8,28.4,,,6.89,7.86,0.174,0.205
0.651,1.536,0.3,340,10,7,21.2,26,,,6.41,7.35,0.158,0.192
0.651,1.536,0.3,360,10,7,20.1,26.3,,,6.07,6.99,0.151,0.197
0.651,1.536,0.3,280,20,7,15.5,35.9,,,,,,
0.651,1.536,0.3,300,20,7,19.2,31.8,,,,,,
0.651,1.536,0.3,320,20,7,19.7,28.6,,,,,,
0.651,1.536,0.3,340,20,7,20.6,27.8,,,,,,
0.651,1.536,0.3,360,20,7,17.9,26.9,,,,,,
0.651,1.536,0.3,280,30,7,14.7,34.5,,,,,,
0.651,1.536,0.3,300,30,7,17.8,32,,,,,,
0.651,1.536,0.3,320,30,7,17.5,31.4,,,,,,
0.651,1.536,0.3,340,30,7,18.8,28.8,,,,,,
0.651,1.536,0.3,360,30,7,16.8,27.7,,,,,,
0.651,1.536,0.3,280,10,9,16.5,34,,,,,,
0.651,1.536,0.3,300,10,9,18.1,33.3,,,,,,
0.651,1.536,0.3,320,10,9,20.4,29.5,,,,,,
0.651,1.536,0.3,340,10,9,22.9,27.8,,,,,,
0.651,1.536,0.3,360,10,9,20.3,28.5,,,,,,
0.651,1.536,0.3,280,20,9,12.6,35.2,,,,,,
0.651,1.536,0.3,300,20,9,16.6,34,,,,,,
0.651,1.536,0.3,320,20,9,16.5,33.2,,,,,,
0.651,1.536,0.3,340,20,9,17.8,30.7,,,,,,
0.651,1.536,0.3,360,20,9,15.8,29.7,,,,,,
0.651,1.536,0.3,280,30,9,13.5,37.1,,,,,,
0.651,1.536,0.3,300,30,9,17.4,34.9,,,,,,
0.651,1.536,0.3,320,30,9,18.8,32.5,,,,,,
0.651,1.536,0.3,340,30,9,19,29.5,,,,,,
0.651,1.536,0.3,360,30,9,16.3,30.1,,,,,,
0.651,1.536,0.3,280,10,11,14.8,38.4,,,,,,
0.651,1.536,0.3,300,10,11,15.9,37.5,,,,,,
0.651,1.536,0.3,320,10,11,16.3,35.6,,,,,,
0.651,1.536,0.3,340,10,11,18.8,32.4,,,,,,
0.651,1.536,0.3,360,10,11,15.2,33.2,,,,,,
0.651,1.536,0.3,280,20,11,15.2,37.8,,,,,,
0.651,1.536,0.3,300,20,11,16.1,36.5,,,,,,
0.651,1.536,0.3,320,20,11,15.9,36,,,,,,
0.651,1.536,0.3,340,20,11,17,32.6,,,,,,
0.651,1.536,0.3,360,20,11,14.1,32.7,,,,,,
0.651,1.536,0.3,280,30,11,15.2,40,,,,,,
0.651,1.536,0.3,300,30,11,14.9,39.3,,,,,,
0.651,1.536,0.3,320,30,11,15,35.7,,,,,,
0.651,1.536,0.3,340,30,11,17,31.9,,,,,,
0.651,1.536,0.3,360,30,11,7.4,38.5,,,,,,
0.716,1.525,0.4,280,10,7,17.3,27.8,,,,,,
0.716,1.525,0.4,300,10,7,18.2,25.4,,,,,,
0.716,1.525,0.4,320,10,7,20.1,24.7,,,,,,
0.716,1.525,0.4,340,10,7,20.6,23.1,,,,,,
0.716,1.525,0.4,360,10,7,20,25.2,,,,,,
0.76,1.542,0.5,280,10,7,22.4,23.8,,,,,,
0.76,1.542,0.5,300,10,7,26.4,20,,,,,,
0.76,1.542,0.5,320,10,7,25.3,18.8,,,,,,
0.76,1.542,0.5,340,10,7,24,21.3,,,,,,
0.76,1.542,0.5,360,10,7,18.1,22.7,,,,,,
0.76,1.542,0.5,360,10,7,23.2,8.3,,,,,,
0.779,1.536,0.7,280,10,7,28.1,14.9,,,,,,
0.779,1.536,0.7,300,10,7,30.7,14.2,,,,,,
0.779,1.536,0.7,320,10,7,29,15.1,,,,,,
0.779,1.536,0.7,340,10,7,27.3,14.7,,,,,,
0.779,1.536,0.7,360,10,7,24.8,15.5,,,,,,
0.795,1.662,8.2,280,10,14,22.8,23.1,,,,,,
0.795,1.662,8.2,300,10,14,27.2,19.8,,,,,,
0.795,1.662,8.2,320,10,14,25.8,18.6,,,,,,
0.795,1.662,8.2,340,10,14,24.1,21,,,,,,
0.795,1.662,8.2,360,10,14,18.5,22.9,,,,,,
0.622,1.394,1.1,300,30,9,36.4,32,,,9.8,,0.236,
0.716,1.603,3.1,300,30,9,58,10,,,14.78,,0.356,
1.287,2.221,22.3,340,15,20,20.5,,,,,,,
1.287,2.221,22.3,300,15,20,17.9,,,,,,,
1.287,2.221,22.3,280,15,20,14.9,,,,,,,
1.287,2.221,22.3,340,0,20,11,20,,,,,,
1.287,2.221,22.3,340,5,20,16.5,34.5,,,,,,
1.287,2.221,22.3,340,15,20,24.2,30.4,,,,,,
1.287,2.221,22.3,340,30,20,21.9,35.5,,,,,,
1.287,2.221,22.3,340,60,20,21.9,33.2,,,,,,
1.287,2.221,22.3,340,90,20,12.9,45.2,,,,,,
0.529,1.575,22.3,340,60,25,28,,,,10.85,,,
0.864,1.101,27.9,330,30,9,16.3,,,,,,,
0.864,1.101,27.9,330,60,9,16.9,,,,,,,
0.864,1.101,27.9,330,120,9,18.3,,,,,,,
0.864,1.101,27.9,330,30,9,22.8,,,,,,,
0.864,1.101,27.9,360,60,9,26.2,,,,,,,
0.864,1.101,27.9,360,120,9,26.9,,,,,,,
0.864,1.101,27.9,360,30,9,26.2,,,,,,,
0.864,1.101,27.9,390,60,9,28.2,,,,,,,
0.864,1.101,27.9,390,120,9,38.1,,,,,,,
0.864,1.101,27.9,390,30,9,16,,,,,,,
0.768,1.218,24.1,330,60,9,15.6,,,,,,,
0.768,1.218,24.1,330,120,9,18.8,,,,,,,
0.768,1.218,24.1,330,30,9,23.2,,,,,,,
0.768,1.218,24.1,360,60,9,23.3,,,,,,,
0.768,1.218,24.1,360,120,9,22.4,,,,,,,
0.768,1.218,24.1,360,30,9,28.4,,,,,,,
0.768,1.218,24.1,390,60,9,27.4,,,,,,,
0.768,1.218,24.1,390,120,9,30,,,,,,,
0.747,1.029,24.1,390,30,9,24.1,,,,,,,
0.747,1.029,24.1,330,60,9,25.9,,,,,,,
0.747,1.029,24.1,330,120,9,26,,,,,,,
0.747,1.029,24.1,330,30,9,27.5,,,,,,,
0.747,1.029,24.1,360,60,9,27.9,,,,,,,
0.747,1.029,24.1,360,120,9,26.3,,,,,,,
0.747,1.029,24.1,360,30,9,29.5,,,,,,,
0.747,1.029,24.1,390,60,9,31.2,,,,,,,
0.747,1.029,24.1,390,120,9,32.5,,,,,,,
0.739,1.443,0.8,200,15,14,7.5,55.3,,10,,,,
0.739,1.443,0.8,220,15,14,9.7,47.9,,12.6,,,,
0.739,1.443,0.8,240,15,14,10.9,45.6,,14.6,,,,
0.739,1.443,0.8,260,15,14,11.8,41.6,,14.9,,,,
0.739,1.443,0.8,280,15,14,12.9,38.7,,17.2,,,,
0.739,1.443,0.8,300,15,14,11.5,39.9,,18.1,,,,
0.6,1.714,1.4,300,5,17,30.9,24.4,,,,,,
0.6,1.714,1.4,300,10,17,31.7,23.2,,,,,,
0.6,1.714,1.4,300,15,17,29.3,24.2,,,,,,
0.6,1.714,1.4,300,20,17,27.5,23.8,,,,,,
0.6,1.714,1.4,300,25,17,25.6,24.4,,,,,,
0.6,1.714,1.4,300,30,17,22.6,24.8,,,,,,
0.6,1.714,1.4,200,10,17,16.4,42.3,,,,,,
0.6,1.714,1.4,225,10,17,26.1,38.5,,,,,,
0.6,1.714,1.4,250,10,17,28.3,37.3,,,,,,
0.6,1.714,1.4,275,10,17,35.3,31.2,,,,,,
0.6,1.714,1.4,300,10,17,31.4,23.1,,,,,,
0.6,1.714,1.4,275,10,9,37.8,,,,,,,
0.6,1.714,1.4,275,10,6,41,,,,,,,
0.6,1.714,1.4,275,10,5,47.2,,,,14.63,,,
0.499,2.114,6.3,220,30,15,42.3,,,,13.96,,,
0.499,2.114,6.3,220,60,20,40.9,,,,11.53,,,
0.499,2.114,6.3,220,90,25,50.5,,,,13.69,,,
0.499,2.114,6.3,220,30,20,50.8,,,,16.97,,,
0.499,2.114,6.3,260,60,25,55,,,,17.33,,0.407,
0.499,2.114,6.3,260,90,15,38.1,,,,13.56,,,
0.499,2.114,6.3,260,30,25,41.1,,,,13.93,,,
0.499,2.114,6.3,300,60,15,48.4,,,,17.13,,,
0.499,2.114,6.3,300,90,20,35.1,,,,13.02,,,
0.27,1.805,6.3,220,30,15,69.3,,,,23.01,,,
0.27,1.805,4.9,220,60,20,76.1,,,,25.04,,,
0.27,1.805,4.9,220,90,25,82.9,,,,28.93,,,
0.27,1.805,4.9,260,30,20,81.9,,,,30.39,,,
0.27,1.805,4.9,260,60,25,63.4,,,,23.08,,,
0.27,1.805,4.9,260,90,15,73.2,,,,26.94,,,
0.27,1.805,4.9,300,30,25,63.3,,,,23.29,,,
0.27,1.805,4.9,300,60,15,61.2,,,,22.89,,,
0.27,1.805,4.9,300,90,20,66.3,,,,22.68,,,
0.194,1.872,4.9,250,60,8,45.9,23.8,15.1,15.1,,,,
0.194,1.872,6,270,60,8,53.6,18.1,11.3,18.1,,,,
0.194,1.872,6,290,60,8,57,13.1,9.9,20.3,,,,
0.194,1.872,6,310,60,8,55,12.7,10.9,22.1,,,,
0.194,1.872,6,330,60,8,54.4,11.3,13.9,20.7,,,,
0.194,1.872,6,290,30,8,53.4,15.4,13.3,17.1,,,,
0.194,1.872,6,290,40,8,54,15,12.2,18.4,,,,
0.194,1.872,6,290,50,8,54.6,14.4,10.3,20.6,,,,
0.194,1.872,6,290,60,8,57.2,13.1,9.9,19.9,,,,
0.194,1.872,6,290,70,8,55.7,13.5,6.9,24,,,,
0.194,1.872,6,290,120,8,52.5,13.7,8.4,25.7,,,,
0.194,1.872,6,290,60,1,42.5,9.9,7.6,39.8,,,,
0.194,1.872,6,290,60,5,50.9,14.3,9.3,25.5,,,,
0.194,1.872,6,290,60,8,56.2,12.8,9.3,20.4,,,,
0.194,1.872,6,290,60,16,55,13,11.2,20.2,,,,
0.194,1.872,6,290,60,13,53.3,13.9,12.8,19.6,,,,
0.568,1.396,0.2,200,15,9,17.6,,,,,,,
0.568,1.396,0.2,200,20,9,19.6,,,,,,,
0.568,1.396,0.2,200,40,9,19.1,,,,,,,
0.568,1.396,0.2,200,60,9,23,,,,,,,
0.568,1.396,0.2,220,20,9,23.3,,,,,,,
0.568,1.396,0.2,220,40,9,24.1,,,,,,,
0.568,1.396,0.2,220,60,9,22.8,,,,,,,
0.568,1.396,0.2,240,20,9,22.4,,,,,,,
0.568,1.396,0.2,240,40,9,26,,,,,,,
0.568,1.396,0.2,240,60,9,28.7,,,,,,,
0.568,1.396,0.2,260,20,9,27.6,,,,,,,
0.568,1.396,0.2,260,40,9,31.3,,,,,,,
0.568,1.396,0.2,260,60,9,35.1,,,,,,,
0.568,1.396,0.2,200,40,9,19.2,,,,,,,
0.568,1.396,0.2,220,40,9,24.5,,,,,,,
0.568,1.396,0.2,240,40,9,25.5,,,,,,,
0.568,1.396,0.2,260,40,9,30.9,,,,,,,
0.568,1.396,0.2,300,40,9,39.3,,,,12.51,,,
0.568,1.396,0.2,350,40,9,44,,,,,,,
0.266,2.225,2,200,60,6,58,,,,,,,
0.266,2.225,2,300,60,6,57,,,,,,,
0.266,2.225,2,340,60,6,40,,,,,,,
0.487,1.703,9.8,325,0,10,25.3,11.7,22.6,2.7,8.77,,0.178,
0.487,1.703,9.8,325,30,10,28.9,2.7,14.4,6.3,7.66,,0.166,
0.487,1.703,9.8,375,0,10,22.6,2.7,15.3,8.1,7.45,,0.163,
0.487,1.703,9.8,375,30,10,21.6,1.8,6.3,16.2,7.01,,0.153,
0.575,1.797,10.9,325,0,10,23.2,16.9,2.7,3.6,6.42,,0.146,
0.575,1.797,10.9,325,30,10,24.1,13.4,12.5,10.7,8.32,,0.176,
0.575,1.797,10.9,375,0,10,25.8,10.7,8,8.9,8.36,,0.183,
0.575,1.797,10.9,375,30,10,20.5,8.9,2.7,8.9,7.22,,0.153,
1.003,2.08,0,250,20,2,14.9,,,,5.33,,0.122,
1.003,2.08,0,250,60,2,32.7,,,,6.91,,0.199,
1.003,2.08,0,300,20,2,25.4,,,,6.75,,0.175,
1.003,2.08,0,300,60,2,23.4,,,,5.92,,0.159,
1.003,2.08,0,350,20,2,21.9,,,,5.34,,0.146,
1.003,2.08,0,350,60,2,19.9,,,,5.09,,0.136,
0.427,1.677,0,250,20,2,21.1,,,,6.1,,0.133,
0.427,1.677,0,250,60,2,20.1,,,,6.18,,0.135,
0.427,1.677,0,300,20,2,11.4,,,,3.57,,0.079,
0.427,1.677,0,300,60,2,12.1,,,,4.22,,0.092,
0.427,1.677,0,350,20,2,9.7,,,,3.29,,0.071,
0.427,1.677,0,350,60,2,7.1,,,,2.42,,0.052,
0.127,1.812,0,250,20,2,44,,,,13.69,,0.287,
0.127,1.812,0,250,60,2,63.2,,,,18.58,,0.4,
0.127,1.812,0,300,20,2,85.3,,,,28.33,,0.58,
0.127,1.812,0,300,60,2,71,,,,22.63,,0.479,
0.127,1.812,0,350,20,2,55.6,,,,17.22,,0.361,
0.127,1.812,0,350,60,2,43.6,,,,16.84,,0.327,
0.683,1.844,0,250,20,2,28.9,,,,10.4,,0.219,
0.683,1.844,0,250,60,2,32.4,,,,11.78,,0.256,
0.683,1.844,0,300,20,2,33.1,,,,12.79,,0.249,
0.683,1.844,0,300,60,2,33.7,,,,12.67,,0.255,
0.683,1.844,0,350,20,2,33.2,,,,12.19,,0.239,
0.683,1.844,0,350,60,2,27.2,,,,9.96,,0.214,
0.429,1.893,0,250,20,2,22.1,,,,6.49,,0.149,
0.429,1.893,0,250,60,2,28.8,,,,8.31,,0.192,
0.429,1.893,0,300,20,2,33.9,,,,10.29,,0.238,
0.429,1.893,0,300,60,2,36.3,,,,11.04,,0.255,
0.429,1.893,0,350,20,2,26.4,,,,7.86,,0.186,
0.429,1.893,0,350,60,2,15.5,,,,4.46,,0.108,
0.246,1.758,0,250,20,2,0.7,,,,0.21,,0.005,
0.246,1.758,0,250,60,2,10.7,,,,3.62,,0.075,
0.246,1.758,0,300,20,2,16.2,,,,6.29,,0.122,
0.246,1.758,0,300,60,2,14.5,,,,5.21,,0.107,
0.246,1.758,0,350,20,2,31.3,,,,12.34,,0.235,
0.246,1.758,0,350,60,2,28,,,,10.61,,0.211,
0.43,1.833,0,250,20,2,31.1,,,,11.99,,0.241,
0.43,1.833,0,250,60,2,25.9,,,,9.54,,0.192,
0.43,1.833,0,300,20,2,30.7,,,,10.98,,0.23,
0.43,1.833,0,300,60,2,48.3,,,,18.39,,0.37,
0.43,1.833,0,350,20,2,40.3,,,,12.82,,0.28,
0.43,1.833,0,350,60,2,37.7,,,,13.88,,0.286,
0.365,1.805,33.5,260,10,10,15,,,,5.23,,,
0.365,1.805,33.5,280,10,10,18,,,,,,,
0.365,1.805,33.5,300,10,10,19,,,,6.72,,,
0.365,1.805,33.5,320,10,10,20,,,,,,,
0.365,1.805,33.5,340,10,10,23,,,,8.14,,,
0.365,1.805,33.5,350,10,10,20,,,,7.19,,,
0.403,1.714,11.1,353,15,17,53.2,,,,,,0.421,
0.342,1.664,9.2,353,15,20,38,,,,,,0.299,
0.323,1.731,12.9,353,15,34,60.8,,,,,,0.468,
0.326,1.701,12.3,353,15,33,63.6,,,,,,0.494,
0.529,1.771,6,190,30,5,,31.1,,,,,,0.192
0.529,1.771,6,190,30,25,,45.6,,,,,,0.279
0.529,1.771,6,190,120,5,,31.7,,,,,,0.206
0.529,1.771,6,190,120,25,,44.4,,,,,,0.285
0.529,1.771,6,200,75,15,,39.1,,,,,,0.257
0.529,1.771,6,200,75,15,,39,,,,,,0.254
0.529,1.771,6,200,75,15,,38.9,,,,,,0.255
0.529,1.771,6,210,30,5,,30.2,,,,,,0.197
0.529,1.771,6,210,30,25,,41.9,,,,,,0.276
0.529,1.771,6,210,120,5,,30.4,,,,,,0.204
0.529,1.771,6,210,120,25,,39.6,,,,,,0.27
0.632,1.445,3.7,215,30,11,,69.1,13,0,,15.6,,0.377
0.632,1.445,3.7,235,30,11,,63.7,12.6,7.9,,15.46,,0.386
0.632,1.445,3.7,255,30,11,,50.3,14.9,7.9,,14.21,,0.352
0.632,1.445,3.7,275,30,11,,50.9,13,10.1,,14.77,,0.357
0.632,1.445,3.7,295,30,11,,50.1,12.3,11.1,,14.79,,0.366
0.632,1.445,3.7,255,5,11,,57.7,14,5.3,,14.48,,0.361
0.632,1.445,3.7,255,10,11,,55.5,14.1,5.6,,14.45,,0.35
0.632,1.445,3.7,255,60,11,,52.1,12.9,9.1,,15.2,,0.375
0.834,1.676,0,250,120,2,,34,,,,9.36,,0.243
0.834,1.676,0,250,120,2,,44,,,,12.15,,0.314
0.834,1.676,0,250,120,2,,42.7,,,,11.7,,0.302
0.646,1.54,5.4,200,30,20,,61.5,,,,15.28,,0.37
0.646,1.54,5.4,225,10,20,,61.3,,,,15.79,,0.376
0.646,1.54,5.4,225,30,20,,59.9,,,,15.37,,0.371
0.646,1.54,5.4,225,60,20,,59.1,,,,15.59,,0.372
0.646,1.54,5.4,250,30,20,,52,,,,14.06,,0.343
0.646,1.54,5.4,275,30,20,,47.6,,,,13.47,,0.325
0.339,1.714,35.4,180,30,20,,52.5,,,,8.35,,0.198
0.339,1.714,35.4,260,30,20,,38.7,,,,6.4,,0.162
0.339,1.714,35.4,180,95,20,,54,,,,8.75,,0.213
0.339,1.714,35.4,180,30,20,,56.3,,,,8.9,,0.238
0.339,1.714,35.4,260,30,20,,38.2,,,,6.62,,0.17
0.339,1.714,35.4,180,30,20,,61.1,,,,10.03,,0.253
0.339,1.714,35.4,260,30,20,,39.3,,,,6.77,,0.171
0.339,1.714,35.4,220,95,20,,46.9,,,,7.78,,0.198
0.469,1.924,5.9,180,15,15,,51,,,,13.41,,0.295
0.469,1.924,5.9,180,30,15,,49,,,,13.18,,0.288
0.469,1.924,5.9,190,15,15,,51,,,,13.67,,0.299
0.469,1.924,5.9,190,30,15,,47,,,,12.74,,0.419
0.469,1.924,5.9,200,15,15,,47,,,,12.83,,0.281
0.469,1.924,5.9,200,30,15,,44,,,,12.01,,0.263
0.469,1.924,5.9,210,15,15,,45,,,,12.6,,0.272
0.469,1.924,5.9,210,30,15,,41,,,,11.64,,0.248
0.663,1.445,1,215,30,11,,68.7,,2.5,,15.52,,0.375
0.663,1.445,1,235,30,11,,63.7,,7.9,,15.46,,0.386
0.663,1.445,1,255,30,11,,48.5,,8.2,,13.6,,0.34
0.663,1.445,1,275,30,11,,51.8,,9.4,,15.36,,0.367
0.663,1.445,1,295,30,11,,50.1,,11.1,,14.79,,0.366
0.683,1.412,1,215,30,11,,72.4,,2.5,,16.12,,0.397
0.683,1.412,1,235,30,11,,63,,4.8,,15.09,,0.382
0.683,1.412,1,255,30,11,,50.1,,8,,14.23,,0.357
0.683,1.412,1,275,30,11,,48.2,,9.9,,14.05,,0.343
0.683,1.412,1,295,30,11,,52.4,,11.3,,15.19,,0.378
0.63,1.44,1,215,30,11,,71.5,,3.8,,16.6,,0.41
0.63,1.44,1,235,30,11,,62.7,,6.1,,15.11,,0.375
0.63,1.44,1,255,30,11,,50.6,,9.5,,14.29,,0.354
0.63,1.44,1,275,30,11,,49.6,,10.8,,14.14,,0.349
0.63,1.44,1,295,30,11,,48.7,,10.7,,13.62,,0.346
0.739,1.41,5.7,215,30,11,,63.8,,4.3,,12.48,,0.309
0.739,1.41,5.7,235,30,11,,59.1,,6.3,,12.09,,0.295
0.739,1.41,5.7,255,30,11,,45,,10.3,,10.52,,0.281
0.739,1.41,5.7,275,30,11,,44.6,,13,,10.98,,0.265
0.739,1.41,5.7,295,30,11,,42.8,,13.5,,10.35,,0.277
0.689,1.401,5.7,215,30,11,,56.6,,5.9,,11.35,,0.289
0.689,1.401,5.7,235,30,11,,56.4,,7.7,,12.03,,0.287
0.689,1.401,5.7,255,30,11,,40,,12.8,,9.9,,0.244
0.689,1.401,5.7,275,30,11,,42.4,,12.5,,10.67,,0.264
0.689,1.401,5.7,295,30,11,,38,,16,,9.97,,0.256
0.696,1.477,20.1,215,30,11,,72.6,,2.3,,11.87,,0.291
0.696,1.477,20.1,235,30,11,,64.3,,5.2,,10.39,,0.261
0.696,1.477,20.1,255,30,11,,55.4,,8.2,,9.92,,0.263
0.696,1.477,20.1,275,30,11,,54.6,,11,,9.97,,0.252
0.696,1.477,20.1,295,30,11,,52.2,,12.9,,9.66,,0.259
0.389,1.669,5.2,215,30,9,,23.3,,,,6.88,,0.144
0.683,1.412,0,215,30,9,,72.4,,,,16.11,,0.397
0.739,1.41,0,215,30,9,,63.8,,,,12.49,,0.309
1.191,1.959,13.3,210,60,6,,60,,,,12.54,,0.222
1.191,1.959,13.3,240,60,6,,48,,,,11.19,,0.192
1.191,1.959,13.3,270,60,6,,37,,,,9.4,,0.156
0.341,1.902,4.6,210,60,7,,66,,,,19.68,,0.419
0.341,1.902,4.6,240,60,7,,59,,,,19.16,,0.406
0.341,1.902,4.6,270,60,7,,50,,,,17.27,,0.358
0.907,2.021,26.1,210,60,5,,88,,,,16.1,,0.366
0.907,2.021,26.1,240,60,5,,67,,,,11.5,,0.269
0.907,2.021,26.1,270,60,5,,51,,,,8.37,,0.198
0.803,1.692,47.4,180,30,6,,77.5,,,,7.29,,0.162
0.803,1.692,47.4,210,30,6,,75.7,,,,7.39,,0.154
0.803,1.692,47.4,240,30,6,,72.2,,,,6.8,,0.142
0.803,1.692,47.4,270,30,6,,68.4,,,,6.28,,0.131
0.803,1.692,47.4,300,30,6,,66.8,,,,5.92,,0.128
0.459,1.968,49.9,180,30,10,,66,,,,7.24,,0.14
0.459,1.968,49.9,220,30,10,,60,,,,6.04,,0.118
0.459,1.968,49.9,260,30,10,,45,,,,5.31,,0.109
0.459,1.968,49.9,300,30,10,,53,,,,5.95,,0.116
0.459,1.968,49.9,260,60,10,,57,,,,6.87,,0.14
0.459,1.968,49.9,260,90,10,,56.5,,,,6.43,,0.136
0.646,1.431,0.4,200,5,17,,88.5,,,,17.97,,0.484
0.646,1.431,0.4,230,5,17,,70.6,,,,15.18,,0.396
0.646,1.431,0.4,260,5,17,,61,,,,14.95,,0.44
0.639,1.673,2,230,15,16.7,11.5,36.5,,7,,,,
0.639,1.673,2,260,15,16.7,12.5,30.3,,5.8,3.25,,0.084,
0.639,1.673,2,270,15,16.7,18,23.3,,8.3,,,,
0.639,1.673,2,280,15,16.7,22.8,26.3,,7.3,6.76,,0.153,
0.639,1.673,2,300,15,16.7,25.5,23.5,,11.8,7.73,,0.175,
0.639,1.673,2,310,15,16.7,25.5,22.3,,14.3,,,,
0.639,1.673,2,320,15,16.7,27.3,21,,14.3,8.31,,0.188,
0.639,1.673,2,330,15,16.7,25,20.3,,13.8,,,,
0.639,1.673,2,350,15,16.7,24.5,17.5,,14,,,,
0.756,1.633,0.3,250,10,10,21.3,56,11.8,2.7,5.23,,0.128,
0.756,1.633,0.3,250,20,10,22.3,52.8,12.2,3.4,5.47,,0.131,
0.756,1.633,0.3,250,30,10,27.4,47.4,11.8,4,6.46,,0.16,
0.756,1.633,0.3,250,60,10,22.9,48.4,13.3,5.1,5.97,,0.143,
0.756,1.633,0.3,250,10,10,39.3,27.7,13.4,11.9,10.33,,0.249,
0.756,1.633,0.3,250,20,10,34.7,28.6,12.8,12.5,9.13,,0.22,
0.756,1.633,0.3,250,30,10,24.7,28,15.5,13.1,6.78,,0.162,
0.756,1.633,0.3,250,60,10,24.1,28.6,14.6,14.3,6.76,,0.159,
0.794,1.531,5.4,260,15,14.3,7.8,24.5,58.6,9.1,,3.2,,0.1
0.794,1.531,5.4,260,30,14.3,9.2,24.4,57.8,8.6,,3.67,,0.115
0.794,1.531,5.4,260,60,14.3,9.4,23.6,59.6,7.4,,3.79,,0.116
0.794,1.531,5.4,260,90,14.3,3.2,22,63.4,11.4,,,,
0.794,1.531,5.4,280,15,14.3,8.2,16.2,68.7,6.9,,2.83,,0.083
0.794,1.531,5.4,280,30,14.3,8.4,22.4,64.4,4.6,,3.86,,0.11
0.794,1.531,5.4,280,60,14.3,10.2,21.8,63.7,4.3,,3.99,,0.111
0.794,1.531,5.4,280,90,14.3,3.8,20,68.8,7.4,,,,
0.794,1.531,5.4,300,15,14.3,12,21,65.3,1.7,,3.76,,0.109
0.794,1.531,5.4,300,30,14.3,13,23.6,60.8,2.6,,4.27,,0.125
0.794,1.531,5.4,300,60,14.3,15.8,23,60.1,1.1,,4.92,,0.131
0.794,1.531,5.4,300,90,14.3,7.6,24,66.4,2,,,,
0.702,1.83,0.8,250,30,6.3,7.1,44.9,,,2.05,5.99,,0.204
0.702,1.83,0.8,300,30,6.3,11.6,35.2,,,3.34,6.15,,0.179
0.702,1.83,0.8,350,30,6.3,10.1,33.2,,,3.1,6.03,,0.177
